Title,Price,Date
Men's Regular Fit T-Shirt Talk Data to Me - Data Scientist Funny 100% Cotton T-Shirt,899.00,2026-01-09
Men's Regular Fit T-Shirt Talk Data to Me - Data Scientist Funny 100% Cotton T-Shirt,899.00,2026-01-09
Men's Regular Fit T-Shirt Talk Data to Me - Data Scientist Funny 100% Cotton T-Shirt,899.00,2026-01-09
Men's Regular Fit T-Shirt Talk Data to Me - Data Scientist Funny 100% Cotton T-Shirt,899.00,2026-01-09
Men's Regular Fit T-Shirt Talk Data to Me - Data Scientist Funny 100% Cotton T-Shirt,899.00,2026-01-09
Men's Regular Fit T-Shirt Talk Data to Me - Data Scientist Funny 100% Cotton T-Shirt,899.00,2026-01-09
Men's Regular Fit T-Shirt Talk Data to Me - Data Scientist Funny 100% Cotton T-Shirt,899.00,2026-01-09
Men's Regular Fit T-Shirt Talk Data to Me - Data Scientist Funny 100% Cotton T-Shirt,899.00,2026-01-09
Men's Regular Fit T-Shirt Talk Data to Me - Data Scientist Funny 100% Cotton T-Shirt,899.00,2026-01-09
Men's Regular Fit T-Shirt Talk Data to Me - Data Scientist Funny 100% Cotton T-Shirt,899.00,2026-01-09
